{"name":"d5a7f704-69e7-4473-b4d5-fb2383d5c280","id":"/providers/Microsoft.Flow/flows/d5a7f704-69e7-4473-b4d5-fb2383d5c280","type":"Microsoft.Flow/flows","properties":{"apiId":"/providers/Microsoft.PowerApps/apis/shared_logicflows","displayName":"Export_teste – 2","definition":{"metadata":{"workflowEntityId":null,"processAdvisorMetadata":null,"flowChargedByPaygo":null,"flowclientsuspensionreason":"None","flowclientsuspensiontime":null,"flowclientsuspensionreasondetails":null,"creator":{"id":"ccf4bb3f-c29d-4b83-8ca4-23ae285ce883","type":"User","tenantId":"2ed3917a-33f9-4b36-80ed-3697e30505b0"},"provisioningMethod":"FromDefinition","failureAlertSubscription":true,"clientLastModifiedTime":"2024-08-21T12:40:37.3913916Z","connectionKeySavedTimeKey":"2024-08-21T12:38:45.458856Z"},"$schema":"https://schema.management.azure.com/providers/Microsoft.Logic/schemas/2016-06-01/workflowdefinition.json#","contentVersion":"1.0.0.0","parameters":{"$connections":{"defaultValue":{},"type":"Object"},"$authentication":{"defaultValue":{},"type":"SecureObject"}},"triggers":{"manual":{"metadata":{"operationMetadataId":"8df5dd51-e612-4ef1-8dde-32243756c7e0"},"type":"Request","kind":"PowerApp","inputs":{"schema":{"type":"object","properties":{"Criararquivo_ConteúdodoArquivo":{"type":"string","format":"binary","description":"O conteúdo do arquivo.","x-ms-powerflows-param-ispartial":false}},"required":["Criararquivo_ConteúdodoArquivo"]}}}},"actions":{"Criar_arquivo":{"runAfter":{},"metadata":{"operationMetadataId":"e595621c-0c5f-41fa-8235-0712ff6ee9b2"},"type":"OpenApiConnection","inputs":{"host":{"apiId":"/providers/Microsoft.PowerApps/apis/shared_onedriveforbusiness","connectionName":"shared_onedriveforbusiness_1","operationId":"CreateFile"},"parameters":{"folderPath":"/","name":"Arquivo_Export.csv","body":"@triggerBody()['Criararquivo_ConteúdodoArquivo']"},"authentication":{"value":"@json(decodeBase64(triggerOutputs().headers['X-MS-APIM-Tokens']))['$ConnectionKey']","type":"Raw"}},"runtimeConfiguration":{"contentTransfer":{"transferMode":"Chunked"}}},"Responder_a_um_PowerApp_ou_a_um_fluxo":{"runAfter":{"Criar_arquivo":["Succeeded"]},"metadata":{"operationMetadataId":"fc164309-b5de-4406-852a-64fb64c6b148"},"type":"Response","kind":"PowerApp","inputs":{"statusCode":200,"body":{"vararquivo":"@outputs('Criar_arquivo')?['body/Name']"},"schema":{"type":"object","properties":{"vararquivo":{"title":"varArquivo","x-ms-dynamically-added":true,"type":"string"}}}}}}},"connectionReferences":{"shared_onedriveforbusiness_1":{"connectionName":"21acac4a540b4eaf9cfb5d2f3e2f5c1a","source":"Invoker","id":"/providers/Microsoft.PowerApps/apis/shared_onedriveforbusiness","tier":"NotSpecified"}},"flowFailureAlertSubscribed":false,"isManaged":false}}