{"name":"ef06412b-5514-4527-875f-956c8d67a2c0","id":"/providers/Microsoft.Flow/flows/ef06412b-5514-4527-875f-956c8d67a2c0","type":"Microsoft.Flow/flows","properties":{"apiId":"/providers/Microsoft.PowerApps/apis/shared_logicflows","displayName":"Visitas_504","definition":{"metadata":{"workflowEntityId":null,"processAdvisorMetadata":null,"flowChargedByPaygo":null,"flowclientsuspensionreason":"None","flowclientsuspensiontime":null,"flowclientsuspensionreasondetails":null,"creator":{"id":"ccf4bb3f-c29d-4b83-8ca4-23ae285ce883","type":"User","tenantId":"2ed3917a-33f9-4b36-80ed-3697e30505b0"},"provisioningMethod":"FromDefinition","failureAlertSubscription":true,"clientLastModifiedTime":"2024-09-06T18:27:12.8146204Z","connectionKeySavedTimeKey":"2024-09-06T18:27:12.8146204Z"},"$schema":"https://schema.management.azure.com/providers/Microsoft.Logic/schemas/2016-06-01/workflowdefinition.json#","contentVersion":"undefined","parameters":{"$authentication":{"defaultValue":{},"type":"SecureObject"},"$connections":{"defaultValue":{},"type":"Object"}},"triggers":{"manual":{"type":"Request","kind":"PowerAppV2","inputs":{"schema":{"type":"object","properties":{},"required":[]}}}},"actions":{"Inicializar_variável":{"runAfter":{},"type":"InitializeVariable","inputs":{"variables":[{"name":"Destinatários","type":"array","value":["uellington.santos@lojasrenner.com.br","lincoln.sitta@lojasrenner.com.br","elizabeth.bento@lojasrenner.com.br","kethilin.almeida@lojasrenner.com.br","helen.marqui@lojasrenner.com.br","cicera.vanusa@lojasrenner.com.br","kathleen.garcia@lojasrenner.com.br"]}]}},"Aplicar_a_cada":{"foreach":"@variables('Destinatários')","actions":{"Postar_mensagem_em_um_chat_ou_canal":{"type":"OpenApiConnection","inputs":{"parameters":{"poster":"Flow bot","location":"Chat with Flow bot","body/recipient":"@items('Aplicar_a_cada')","body/messageBody":"<p class=\"editor-paragraph\">Atenção! Time, temos solicitação de visitantes pendente.</p>"},"host":{"apiId":"/providers/Microsoft.PowerApps/apis/shared_teams","connectionName":"shared_teams","operationId":"PostMessageToConversation"},"authentication":{"value":"@json(decodeBase64(triggerOutputs().headers['X-MS-APIM-Tokens']))['$ConnectionKey']","type":"Raw"}}}},"runAfter":{"Inicializar_variável":["Succeeded"]},"type":"Foreach"}}},"connectionReferences":{"shared_teams":{"connectionName":"651760d464a249ce9c2d7e2f6ad1df98","source":"Invoker","id":"/providers/Microsoft.PowerApps/apis/shared_teams","tier":"NotSpecified"}},"flowFailureAlertSubscribed":false,"isManaged":false}}