{"name":"8972e4f0-e043-4961-a4d4-a3621d9ec9d8","id":"/providers/Microsoft.Flow/flows/8972e4f0-e043-4961-a4d4-a3621d9ec9d8","type":"Microsoft.Flow/flows","properties":{"apiId":"/providers/Microsoft.PowerApps/apis/shared_logicflows","displayName":"Exportar Excel MRP – 2","definition":{"metadata":{"workflowEntityId":null,"processAdvisorMetadata":null,"flowChargedByPaygo":null,"flowclientsuspensionreason":"None","flowclientsuspensiontime":null,"flowclientsuspensionreasondetails":null,"creator":{"id":"ccf4bb3f-c29d-4b83-8ca4-23ae285ce883","type":"User","tenantId":"2ed3917a-33f9-4b36-80ed-3697e30505b0"},"provisioningMethod":"FromDefinition","failureAlertSubscription":true,"clientLastModifiedTime":"2024-08-21T12:40:47.1788717Z","connectionKeySavedTimeKey":"2024-07-10T19:09:43.1454894Z"},"$schema":"https://schema.management.azure.com/providers/Microsoft.Logic/schemas/2016-06-01/workflowdefinition.json#","contentVersion":"1.0.0.0","parameters":{"$connections":{"defaultValue":{},"type":"Object"},"$authentication":{"defaultValue":{},"type":"SecureObject"}},"triggers":{"manual":{"metadata":{"operationMetadataId":"07b5c76c-7c9c-4845-8914-2b7c09b4c4a9"},"type":"Request","kind":"PowerApp","inputs":{"schema":{"type":"object","properties":{"Criararquivo_ConteúdodoArquivo":{"type":"string","format":"binary","description":"O conteúdo do arquivo.","x-ms-powerflows-param-ispartial":false}},"required":["Criararquivo_ConteúdodoArquivo"]}}}},"actions":{"Criar_arquivo":{"runAfter":{},"metadata":{"operationMetadataId":"bbb8470b-5ee4-4fb5-9d1f-6ae39b87d90d"},"type":"OpenApiConnection","inputs":{"host":{"apiId":"/providers/Microsoft.PowerApps/apis/shared_onedriveforbusiness","connectionName":"shared_onedriveforbusiness_1","operationId":"CreateFile"},"parameters":{"folderPath":"/@{triggerBody()['Criararquivo_ConteúdodoArquivo']}","name":"MRP.csv","body":"@triggerBody()['Criararquivo_ConteúdodoArquivo']"},"authentication":{"value":"@json(decodeBase64(triggerOutputs().headers['X-MS-APIM-Tokens']))['$ConnectionKey']","type":"Raw"}},"runtimeConfiguration":{"contentTransfer":{"transferMode":"Chunked"}}},"Responder_a_um_PowerApp_ou_a_um_fluxo":{"runAfter":{"Criar_arquivo":["Succeeded"]},"metadata":{"operationMetadataId":"ba0b7384-c46f-4c42-b442-35c10fa22cd9"},"type":"Response","kind":"PowerApp","inputs":{"statusCode":200,"body":{"vararquivo":"@outputs('Criar_arquivo')?['body/Name']"},"schema":{"type":"object","properties":{"vararquivo":{"title":"varArquivo","x-ms-dynamically-added":true,"type":"string"}}}}}}},"connectionReferences":{"shared_onedriveforbusiness_1":{"connectionName":"21acac4a540b4eaf9cfb5d2f3e2f5c1a","source":"Invoker","id":"/providers/Microsoft.PowerApps/apis/shared_onedriveforbusiness","tier":"NotSpecified"}},"flowFailureAlertSubscribed":false,"isManaged":false}}