{"name":"fb6a4048-e5fb-48d2-a7da-491f717b2a3c","id":"/providers/Microsoft.Flow/flows/fb6a4048-e5fb-48d2-a7da-491f717b2a3c","type":"Microsoft.Flow/flows","properties":{"apiId":"/providers/Microsoft.PowerApps/apis/shared_logicflows","displayName":"Exportar Excel Diversos1 – 2","definition":{"metadata":{"workflowEntityId":null,"processAdvisorMetadata":null,"flowChargedByPaygo":null,"flowclientsuspensionreason":"None","flowclientsuspensiontime":null,"flowclientsuspensionreasondetails":null,"creator":{"id":"ccf4bb3f-c29d-4b83-8ca4-23ae285ce883","type":"User","tenantId":"2ed3917a-33f9-4b36-80ed-3697e30505b0"},"provisioningMethod":"FromDefinition","failureAlertSubscription":true,"clientLastModifiedTime":"2024-08-21T12:40:41.428957Z","connectionKeySavedTimeKey":"2024-07-10T19:09:43.2548647Z"},"$schema":"https://schema.management.azure.com/providers/Microsoft.Logic/schemas/2016-06-01/workflowdefinition.json#","contentVersion":"1.0.0.0","parameters":{"$connections":{"defaultValue":{},"type":"Object"},"$authentication":{"defaultValue":{},"type":"SecureObject"}},"triggers":{"manual":{"metadata":{"operationMetadataId":"08ffcd75-7e9e-41fb-9d29-d3c05825db02"},"type":"Request","kind":"PowerApp","inputs":{"schema":{"type":"object","properties":{"Criararquivo2_CaminhodaPasta":{"type":"string","description":"O caminho exclusivo da pasta.","x-ms-powerflows-param-ispartial":false}},"required":["Criararquivo2_CaminhodaPasta"]}}}},"actions":{"Responder_a_um_PowerApp_ou_a_um_fluxo":{"runAfter":{"Criar_arquivo_2":["Succeeded"]},"metadata":{"operationMetadataId":"7614e1ba-a73f-485f-9b52-b61e2d270f48"},"type":"Response","kind":"PowerApp","inputs":{"statusCode":200,"body":{"fluxocsv":"@outputs('Criar_arquivo_2')?['body/Name']"},"schema":{"type":"object","properties":{"fluxocsv":{"title":"fluxoCSV","x-ms-dynamically-added":true,"type":"string"}}}}},"Criar_arquivo_2":{"runAfter":{},"metadata":{"operationMetadataId":"9efc3bec-3e40-492a-8110-df1c706bdecb"},"type":"OpenApiConnection","inputs":{"host":{"apiId":"/providers/Microsoft.PowerApps/apis/shared_onedriveforbusiness","connectionName":"shared_onedriveforbusiness_1","operationId":"CreateFile"},"parameters":{"folderPath":"/","name":"Arquivo_Export.csv","body":"@triggerBody()['Criararquivo_ConteúdodoArquivo']"},"authentication":{"value":"@json(decodeBase64(triggerOutputs().headers['X-MS-APIM-Tokens']))['$ConnectionKey']","type":"Raw"}},"runtimeConfiguration":{"contentTransfer":{"transferMode":"Chunked"}}}},"description":""},"connectionReferences":{"shared_onedriveforbusiness_1":{"connectionName":"21acac4a540b4eaf9cfb5d2f3e2f5c1a","source":"Invoker","id":"/providers/Microsoft.PowerApps/apis/shared_onedriveforbusiness","tier":"NotSpecified"}},"flowFailureAlertSubscribed":false,"isManaged":false}}