{"schemaVersion":"1.0","appDefinitionTemplate":{"id":"/providers/Microsoft.PowerApps/apps/","type":"Microsoft.PowerApps/apps","tags":{"primaryDeviceWidth":"1366","primaryDeviceHeight":"768","sienaVersion":"20240923T180203Z-3.24084.21.0","deviceCapabilities":"","supportsPortrait":"true","supportsLandscape":"true","primaryFormFactor":"Tablet","publisherVersion":"3.24084.21","minimumRequiredApiVersion":"2.2.0","hasComponent":"false","hasUnlockedComponent":"false","isUnifiedRootApp":"false","showStatusBar":"true","offlineLargeFilesSupport":"false"},"properties":{"appVersion":"2024-09-23T18:02:03Z","lifeCycleId":"Published","createdByClientVersion":{"major":3,"minor":24084,"build":21,"revision":0,"majorRevision":0,"minorRevision":0},"minClientVersion":{"major":3,"minor":24084,"build":21,"revision":0,"majorRevision":0,"minorRevision":0},"backgroundColor":"rgba(107, 14, 14, 1)","backgroundImageUri":"/5686883221357469042/N58587ff6-fa08-42af-88c4-41594643d093-logoSmallFile","displayName":"ISM - ALMOX CD 504","description":"Gestão de estoque indiretos, Insumos e  Materiais de manutenção...","commitMessage":"","appUris":{"documentUri":{"value":"/5686883221357469042/Nabb3d81d-cfaf-4391-b736-cafe7428fe89-document.msapp"},"imageUris":[],"additionalUris":[{"isSolutionAware":false,"value":"/5686883221357469042/Ndf9418f0-e4bc-4773-8175-90053d9b29db-identity.json"}]},"createdTime":"0001-01-01T00:00:00Z","lastModifiedTime":"0001-01-01T00:00:00Z","sharedGroupsCount":0,"sharedUsersCount":0,"connectionReferences":{"1cd45c13-ffbb-421b-b278-8b375f6d6474":{"id":"20c166a7-ee9e-4871-8943-66057189cb50","displayName":"Fluxos lógicos","iconUri":"https://connectoricons-prod.azureedge.net/releases/v1.0.1697/1.0.1697.3784/logicflows/icon.png","dataSources":["ExportarExcelMRP"],"dependencies":["22b64a99-5b61-4849-af40-f287792045d5"],"dependents":[],"parameterHints":{"workflowName":{"value":"d40d32ef-a77c-4a50-964c-256cc3445d2c"},"workflowEntityId":{},"22b64a99-5b61-4849-af40-f287792045d5":{"value":"shared_onedriveforbusiness"}},"parameterHintsV2":{"workflowName":{"value":"d40d32ef-a77c-4a50-964c-256cc3445d2c"},"workflowEntityId":{},"shared_onedriveforbusiness":{"value":"22b64a99-5b61-4849-af40-f287792045d5"}},"isOnPremiseConnection":false,"bypassConsent":false,"dataSets":{},"apiTier":"Standard","isCustomApiConnection":false,"nestedActions":[{"id":"/providers/Microsoft.PowerApps/apis/shared_onedriveforbusiness/apiOperations/CreateFile","apiName":"OneDrive for Business","actionName":"CreateFile","referencedResources":[]}]},"22b64a99-5b61-4849-af40-f287792045d5":{"id":"e91c1a02-070f-44d8-9534-4d0e40d147c2","displayName":"OneDrive for Business","iconUri":"https://connectoricons-prod.azureedge.net/releases/v1.0.1689/1.0.1689.3722/onedriveforbusiness/icon.png","dataSources":[],"dependencies":[],"dependents":["1cd45c13-ffbb-421b-b278-8b375f6d6474","24513d09-140e-41d7-a6b6-c66d14a3ad76","fc064013-99b4-466d-a311-bdc22c13d3cd"],"parameterHints":{},"parameterHintsV2":{},"isOnPremiseConnection":false,"bypassConsent":false,"dataSets":{},"apiTier":"Standard","isCustomApiConnection":false},"24513d09-140e-41d7-a6b6-c66d14a3ad76":{"id":"20c166a7-ee9e-4871-8943-66057189cb50","displayName":"Fluxos lógicos","iconUri":"https://connectoricons-prod.azureedge.net/releases/v1.0.1697/1.0.1697.3784/logicflows/icon.png","dataSources":["ExportarExcelDiversos1"],"dependencies":["22b64a99-5b61-4849-af40-f287792045d5"],"dependents":[],"parameterHints":{"workflowName":{"value":"8f4b7b8e-17f0-4178-99b5-896c6a5e9f0e"},"workflowEntityId":{},"workflowDisplayName":{"value":"Exportar Excel Diversos1"},"22b64a99-5b61-4849-af40-f287792045d5":{"value":"shared_onedriveforbusiness_1"}},"parameterHintsV2":{"workflowName":{"value":"8f4b7b8e-17f0-4178-99b5-896c6a5e9f0e"},"workflowEntityId":{},"workflowDisplayName":{"value":"Exportar Excel Diversos1"},"shared_onedriveforbusiness_1":{"value":"22b64a99-5b61-4849-af40-f287792045d5"}},"isOnPremiseConnection":false,"bypassConsent":false,"dataSets":{},"apiTier":"Standard","isCustomApiConnection":false,"nestedActions":[{"id":"/providers/Microsoft.PowerApps/apis/shared_onedriveforbusiness/apiOperations/CreateFile","apiName":"OneDrive for Business","actionName":"CreateFile","referencedResources":[]}]},"fc064013-99b4-466d-a311-bdc22c13d3cd":{"id":"20c166a7-ee9e-4871-8943-66057189cb50","displayName":"Fluxos lógicos","iconUri":"https://connectoricons-prod.azureedge.net/releases/v1.0.1697/1.0.1697.3784/logicflows/icon.png","dataSources":["Export_teste"],"dependencies":["22b64a99-5b61-4849-af40-f287792045d5"],"dependents":[],"parameterHints":{"workflowName":{"value":"f69aa434-b796-49ad-ad55-15f20924b2f4"},"workflowEntityId":{},"workflowDisplayName":{"value":"Export_teste"},"22b64a99-5b61-4849-af40-f287792045d5":{"value":"shared_onedriveforbusiness_1"}},"parameterHintsV2":{"workflowName":{"value":"f69aa434-b796-49ad-ad55-15f20924b2f4"},"workflowEntityId":{},"workflowDisplayName":{"value":"Export_teste"},"shared_onedriveforbusiness_1":{"value":"22b64a99-5b61-4849-af40-f287792045d5"}},"isOnPremiseConnection":false,"bypassConsent":false,"dataSets":{},"apiTier":"Standard","isCustomApiConnection":false,"actions":["Run"],"nestedActions":[{"id":"/providers/Microsoft.PowerApps/apis/shared_onedriveforbusiness/apiOperations/CreateFile","apiName":"OneDrive for Business","actionName":"CreateFile","referencedResources":[]}]},"afcd1088-3d00-4072-9be0-1e72ba8eea82":{"id":"7613dabe-f1c4-4fbc-a369-6a273f9b0404","displayName":"SharePoint","iconUri":"https://connectoricons-prod.azureedge.net/u/jayawan/releases/v1.0.1697/1.0.1697.3786/sharepointonline/icon.png","dataSources":["tb_Material","doc_mov_inventario","Documentos","FollowUp","Tabela_followup","tb_acesso","tb_area_kanban","tb_areas_coletor","tb_CC","tb_areas_dept","tb_Class_ONU","tb_Coletores","tb_Compras_diversas","tb_Corredor","tb_Curva_Invent","tb_diversas","tb_Erros","tb_Estados","tb_followup","tb_Fornecedor_v1","tb_GRUPO_MERCADORIA","tb_Imagem","tb_kanban","tb_lista_endereço","tb_Material_ant","tb_Material_Contabil","tb_material_excluido","tb_Mestre_Material_Movimento","tb_Movimento_coletor","tb_Movimento_coletor_v1","tb_Movimento_embalagens","tb_Movimento_estilete","tb_Municipios","tb_Nota_fiscal","tb_noticias_Almox","tb_num_MM","tb_num_rc","tb_PDM","tb_PDM_ATRIBUTOS","tb_Pend_entrega_Insumos","tb_Produtos_quimicos","tb_requisicao_v1","tb_requisicao_v2","tb_Tipo_Mat","tb_tipo_plan","tb_unidade","tb_user","tb_visitante"],"dependencies":[],"dependents":[],"parameterHints":{},"parameterHintsV2":{},"isOnPremiseConnection":false,"bypassConsent":false,"dataSets":{"https://renner.sharepoint.com/sites/UsuriosAPPAlmox-CD504":{"dataSources":{"tb_Material":{"tableName":"fe10895e-8b77-4910-86e1-c369442aa0f1"},"doc_mov_inventario":{"tableName":"ba103029-d795-4d2f-80ca-a4c2da958271"},"Documentos":{"tableName":"f51e25e2-2209-4781-a582-cee5c7d74e8c"},"FollowUp":{"tableName":"b34f643c-f1bb-4889-89db-e45dc9f815f9"},"Tabela_followup":{"tableName":"1aa115ac-555f-49e2-93e9-f90b9759eb74"},"tb_acesso":{"tableName":"0e6f2355-0bd6-4096-bf0c-7962384ebe42"},"tb_area_kanban":{"tableName":"d9966490-cc7e-4013-833d-4a189c7a9f13"},"tb_areas_coletor":{"tableName":"003c5e66-3c57-4d19-b1d3-93fd0e255c89"},"tb_CC":{"tableName":"25e6cd07-84df-43a2-9a41-abf350c21502"},"tb_areas_dept":{"tableName":"bbdfeff7-d59c-4be4-89c9-96eb763f36de"},"tb_Class_ONU":{"tableName":"fe39f886-fd80-4fac-a752-ddfa2a2291d9"},"tb_Coletores":{"tableName":"7f7c595d-2d26-4e69-bdfd-34799214ee00"},"tb_Compras_diversas":{"tableName":"0d6f3a6c-54a3-4624-b23a-882a98bc0412"},"tb_Corredor":{"tableName":"2996a9ac-5acb-4455-aa9c-9cea2214de83"},"tb_Curva_Invent":{"tableName":"6ed0d16a-b6ca-423f-ae1c-9b85b5eba6df"},"tb_diversas":{"tableName":"92b8f6e9-e5a3-4fc5-820a-2874c0194f4f"},"tb_Erros":{"tableName":"cc43a0d5-7a4f-46e1-958f-dbb36bab8fcc"},"tb_Estados":{"tableName":"19428984-a513-46ad-9368-b6ed8772707e"},"tb_followup":{"tableName":"b2f4110e-4fa4-41e7-828a-d5ca959087b0"},"tb_Fornecedor_v1":{"tableName":"2c0e72fe-85d1-4855-a026-d931d15663ac"},"tb_GRUPO_MERCADORIA":{"tableName":"a3ed2d41-1762-4dab-9fd2-ba28a5349b7a"},"tb_Imagem":{"tableName":"3a141531-69d1-4b6e-bb92-8d4aeee71e6e"},"tb_kanban":{"tableName":"43366458-46c0-49c5-ab84-d5b12f6378c4"},"tb_lista_endereço":{"tableName":"ed8a5e37-1a92-4684-830c-d1d6cd307346"},"tb_Material_ant":{"tableName":"1fb7ce19-f11c-48e4-8543-31a578594ac3"},"tb_Material_Contabil":{"tableName":"d98a6381-16c1-4200-af7b-fd3698b0835f"},"tb_material_excluido":{"tableName":"253054b7-4467-4272-949d-9de152b96159"},"tb_Mestre_Material_Movimento":{"tableName":"4e73d16c-6dce-4bdf-9f2b-4364b4773246"},"tb_Movimento_coletor":{"tableName":"1654e328-d3a0-4dc4-a9f0-52a0ddcd4d4a"},"tb_Movimento_coletor_v1":{"tableName":"8122031a-fd5d-4199-8b32-3e7e55587710"},"tb_Movimento_embalagens":{"tableName":"25217840-92f3-482f-bf6b-3b9d2317e4d2"},"tb_Movimento_estilete":{"tableName":"20bdba26-337e-458d-9268-6f1afb93688b"},"tb_Municipios":{"tableName":"74c8958b-5bb4-4048-a5b5-731ca96edb98"},"tb_Nota_fiscal":{"tableName":"112bce2a-6a76-451e-bc67-d9f665d2d1e4"},"tb_noticias_Almox":{"tableName":"6e6cd1ed-4e84-436f-9d73-94e5fffcb3c2"},"tb_num_MM":{"tableName":"03b7c031-1a51-4a13-9b1a-5175ca02d024"},"tb_num_rc":{"tableName":"5205c4da-959c-454b-8ebb-1e0634ac2585"},"tb_PDM":{"tableName":"9b4fa2de-7d7e-492e-9efd-48b65b6cc9a6"},"tb_PDM_ATRIBUTOS":{"tableName":"a974d8f5-738e-45ab-af7e-1a2ef533fad6"},"tb_Pend_entrega_Insumos":{"tableName":"87e9ef63-05ea-406a-8790-94b4e65075ec"},"tb_Produtos_quimicos":{"tableName":"9ce51400-6eab-4fd1-a9c0-8a2d5a0e84ea"},"tb_requisicao_v1":{"tableName":"79257fca-17a1-4e4e-a86b-bfaedc849792"},"tb_requisicao_v2":{"tableName":"f46aefa9-9c0f-4948-8825-f23a72e3b0a6"},"tb_Tipo_Mat":{"tableName":"796c74bb-a203-4439-8c99-1c7724ad5bdc"},"tb_tipo_plan":{"tableName":"a051144f-9eeb-43b0-9c4b-7f088ba7cadd"},"tb_unidade":{"tableName":"aab5fb24-d2f7-46b5-bed5-d4e0d5a9394c"},"tb_user":{"tableName":"8b0900dc-9a54-473d-8fc5-8f94d99da193"},"tb_visitante":{"tableName":"659cef8d-2130-4cf2-b039-69ccef40777d"}}}},"apiTier":"Standard","isCustomApiConnection":false,"actions":["providers/PowerPlatform.Governance/Operations/Read","providers/PowerPlatform.Governance/Operations/Write","providers/PowerPlatform.Governance/Operations/Delete"]},"649212d0-003f-410d-9d47-e3029fe9b0f1":{"id":"6f3b682a-16e6-4018-ae0f-60aed7b7b018","displayName":"Microsoft Teams","iconUri":"https://connectoricons-prod.azureedge.net/releases/v1.0.1705/1.0.1705.3833/teams/icon.png","dataSources":["MicrosoftTeams"],"dependencies":[],"dependents":["7c24f18c-addc-40ee-bc1d-7783cb1cd515"],"parameterHints":{},"parameterHintsV2":{},"isOnPremiseConnection":false,"bypassConsent":false,"dataSets":{},"apiTier":"Standard","isCustomApiConnection":false},"7c24f18c-addc-40ee-bc1d-7783cb1cd515":{"id":"20c166a7-ee9e-4871-8943-66057189cb50","displayName":"Fluxos lógicos","iconUri":"https://connectoricons-prod.azureedge.net/releases/v1.0.1697/1.0.1697.3784/logicflows/icon.png","dataSources":["Visitas_504"],"dependencies":["649212d0-003f-410d-9d47-e3029fe9b0f1"],"dependents":[],"parameterHints":{"workflowName":{"value":"05b7eb50-232b-43ff-b126-6b52865457b6"},"workflowEntityId":{},"workflowDisplayName":{"value":"Visitas_504"},"649212d0-003f-410d-9d47-e3029fe9b0f1":{"value":"shared_teams"}},"parameterHintsV2":{"workflowName":{"value":"05b7eb50-232b-43ff-b126-6b52865457b6"},"workflowEntityId":{},"workflowDisplayName":{"value":"Visitas_504"},"shared_teams":{"value":"649212d0-003f-410d-9d47-e3029fe9b0f1"}},"isOnPremiseConnection":false,"bypassConsent":false,"dataSets":{},"apiTier":"Standard","isCustomApiConnection":false,"actions":["Run"],"nestedActions":[{"id":"/providers/Microsoft.PowerApps/apis/shared_teams/apiOperations/PostMessageToConversation","apiName":"Microsoft Teams","actionName":"PostMessageToConversation","referencedResources":[]}]}},"databaseReferences":{},"almMode":"Environment","performanceOptimizationEnabled":true,"canConsumeAppPass":true,"enableModernRuntimeMode":false,"executionRestrictions":{"isTeamsOnly":false,"dataLossPreventionEvaluationResult":{"status":"Compliant","lastEvaluationDate":"2024-09-23T18:02:15.2582069Z","violations":[],"violationsByPolicy":[],"violationErrorMessage":"O aplicativo usa os seguintes conectores: shared_logicflows, shared_onedriveforbusiness, shared_sharepointonline, shared_teams."},"httpActionRestriction":{"appUsesSharepointHttpAction":false,"enforcementStrategy":"Legacy","evaluationTime":"2024-09-23T18:02:15.2580775Z"}}},"appType":"ClassicCanvasApp","appComponents":[]}}